{
 "janus": {
  "1": {
   "err": 0.0,
   "ghost": 0.0,
   "ghost_null": 0.0
  },
  "2": {
   "err": 1.4539312089614446e-33,
   "ghost": 0.0,
   "ghost_null": 0.0
  },
  "3": {
   "err": 0.35771520977266114,
   "ghost": 0.5970911184595353,
   "ghost_null": 0.1679946979073959
  },
  "4": {
   "err": 0.528834541891443,
   "ghost": 0.3814121314942611,
   "ghost_null": 0.15742243234233927
  },
  "5": {
   "err": 0.6072450152407932,
   "ghost": 0.3148045594405263,
   "ghost_null": 0.1690710450727954
  },
  "6": {
   "err": 0.6587733716566562,
   "ghost": 0.27547635690973954,
   "ghost_null": 0.16200920767223165
  },
  "7": {
   "err": 0.7328550207115241,
   "ghost": 0.24723059660134297,
   "ghost_null": 0.16718639054313914
  },
  "8": {
   "err": 0.7461077426990798,
   "ghost": 0.22148542712214708,
   "ghost_null": 0.16780301311543167
  },
  "9": {
   "err": 0.7847166181383423,
   "ghost": 0.21810756280970525,
   "ghost_null": 0.16656171742196005
  },
  "10": {
   "err": 0.8062867270737127,
   "ghost": 0.2118158948173396,
   "ghost_null": 0.1682175185283489
  }
 },
 "zeta": {
  "1": {
   "err": 0.0,
   "ghost": 0.0,
   "ghost_null": 0.0
  },
  "2": {
   "err": 1.2760744541588766e-31,
   "ghost": 0.0,
   "ghost_null": 0.0
  },
  "3": {
   "err": 0.2946133104002566,
   "ghost": 0.3563286316046113,
   "ghost_null": 0.16869611979725957
  },
  "4": {
   "err": 0.5043785138338613,
   "ghost": 0.2178364119975456,
   "ghost_null": 0.16262016719636288
  },
  "5": {
   "err": 0.5725457108680616,
   "ghost": 0.19648878370733722,
   "ghost_null": 0.16186780402307394
  },
  "6": {
   "err": 0.6626576716331921,
   "ghost": 0.1894822967827068,
   "ghost_null": 0.1685617804226204
  },
  "7": {
   "err": 0.7212636323546276,
   "ghost": 0.17948058032555475,
   "ghost_null": 0.17396735452532272
  },
  "8": {
   "err": 0.7560224448826924,
   "ghost": 0.16789252046844338,
   "ghost_null": 0.17055868249285439
  },
  "9": {
   "err": 0.8015321094776485,
   "ghost": 0.17668834557477736,
   "ghost_null": 0.1685694800745046
  },
  "10": {
   "err": 0.7912734154069573,
   "ghost": 0.17597620605288838,
   "ghost_null": 0.16653291637993328
  }
 }
}