{
 "10": {
  "purified_frac": 0.9166666666666666,
  "conserved_frac": 0.0,
  "mean_abs_dW": 10.909090909090908,
  "mean_abs_Wfinal": 13.363636363636363,
  "rows": [
   [
    -7,
    -11,
    4.717414653756626e-11
   ],
   [
    2,
    25,
    3.965991939405365e-11
   ],
   [
    -1,
    -18,
    2.5951460701047693e-11
   ],
   [
    1,
    4,
    6.304808264425198e-11
   ],
   [
    2,
    16,
    8.67181895660016e-11
   ],
   [
    -6,
    -25,
    8.613586212313309e-11
   ],
   [
    -2,
    -12,
    2.5228022716575245e-12
   ],
   [
    4,
    17,
    4.6249276447451996e-11
   ],
   [
    1,
    4,
    1.264836149045563e-11
   ],
   [
    1,
    6,
    1.330308867659896e-12
   ],
   [
    0,
    9,
    5.2221441725388115e-11
   ],
   [
    -1,
    -2,
    5.06443209805325e-11
   ],
   [
    4,
    17,
    1.8489594774171945e-11
   ],
   [
    7,
    13,
    2.5694874762421896e-11
   ],
   [
    0,
    27,
    1.3000955468075561e-11
   ],
   [
    2,
    10,
    6.892934732367787e-11
   ],
   [
    -4,
    -8,
    1.019811625267785e-11
   ],
   [
    1,
    -1,
    1.8136057564753014
   ],
   [
    -2,
    -8,
    1.6991212175195286e-11
   ],
   [
    1,
    29,
    9.959982240580743e-11
   ],
   [
    1,
    -7,
    9.4256636023916e-12
   ],
   [
    0,
    0,
    1.5707963267948875
   ],
   [
    -4,
    -17,
    9.513705454060216e-11
   ],
   [
    -3,
    -9,
    1.1351265253754241e-12
   ]
  ]
 },
 "30": {
  "purified_frac": 0.9583333333333334,
  "conserved_frac": 0.0,
  "mean_abs_dW": 11.217391304347826,
  "mean_abs_Wfinal": 15.173913043478262,
  "rows": [
   [
    -6,
    -8,
    1.7774090369091895e-11
   ],
   [
    5,
    25,
    4.2701203694880546e-11
   ],
   [
    -9,
    -15,
    2.1194524960983653e-11
   ],
   [
    -4,
    -15,
    1.0707632696639956e-12
   ],
   [
    -1,
    -19,
    6.03153364508629e-11
   ],
   [
    -5,
    -24,
    7.004079720382901e-13
   ],
   [
    1,
    8,
    4.9279375563331133e-11
   ],
   [
    -5,
    -26,
    4.705425950589959e-11
   ],
   [
    3,
    7,
    3.1320533152121544e-11
   ],
   [
    2,
    10,
    1.9314492662357378e-13
   ],
   [
    6,
    11,
    2.0298061660061086e-11
   ],
   [
    -1,
    -8,
    2.2933362330127118e-11
   ],
   [
    -2,
    -9,
    2.2665500140985508e-11
   ],
   [
    11,
    22,
    3.703001464639571e-11
   ],
   [
    -1,
    28,
    9.142982721785866e-12
   ],
   [
    2,
    28,
    6.110673498718408e-11
   ],
   [
    -4,
    -3,
    8.207975415739244e-11
   ],
   [
    -7,
    -12,
    7.161342830659992e-12
   ],
   [
    -7,
    -8,
    4.951573369630211e-11
   ],
   [
    1,
    26,
    4.765528792894099e-11
   ],
   [
    2,
    12,
    6.482262012308612e-11
   ],
   [
    3,
    0,
    1.5707963267948577
   ],
   [
    -8,
    -20,
    1.2016954357034035e-10
   ],
   [
    -2,
    -5,
    2.374680965423138e-11
   ]
  ]
 },
 "100": {
  "purified_frac": 0.9583333333333334,
  "conserved_frac": 0.30434782608695654,
  "mean_abs_dW": 4.086956521739131,
  "mean_abs_Wfinal": 15.391304347826088,
  "rows": [
   [
    -19,
    -19,
    1.227098203154978e-11
   ],
   [
    2,
    2,
    6.319374090650647e-12
   ],
   [
    5,
    0,
    1.570796326794748
   ],
   [
    -7,
    -7,
    6.735542037093345e-11
   ],
   [
    8,
    9,
    1.4398687262127718e-11
   ],
   [
    -15,
    -22,
    4.2720050396911255e-11
   ],
   [
    6,
    6,
    3.255743057985275e-11
   ],
   [
    11,
    28,
    1.5796856730182613e-11
   ],
   [
    7,
    8,
    1.5772052367158736e-11
   ],
   [
    -14,
    -16,
    3.5301282556929184e-11
   ],
   [
    14,
    15,
    3.325101522735294e-11
   ],
   [
    -14,
    -21,
    5.179679895273907e-11
   ],
   [
    -17,
    -19,
    2.885802524205043e-11
   ],
   [
    15,
    20,
    6.171100453052902e-11
   ],
   [
    -17,
    -25,
    1.9326177304123734e-11
   ],
   [
    18,
    24,
    1.4318109362777043e-11
   ],
   [
    8,
    16,
    5.3455156440448115e-11
   ],
   [
    18,
    24,
    5.226512373140366e-11
   ],
   [
    -2,
    -2,
    5.454195743834306e-11
   ],
   [
    16,
    19,
    2.227886728293574e-11
   ],
   [
    -7,
    -7,
    1.1550691623013544e-11
   ],
   [
    12,
    28,
    2.115324595791527e-12
   ],
   [
    1,
    1,
    3.974197421951549e-11
   ],
   [
    12,
    16,
    2.683827474878604e-11
   ]
  ]
 },
 "300": {
  "purified_frac": 1.0,
  "conserved_frac": 0.7916666666666666,
  "mean_abs_dW": 1.4166666666666667,
  "mean_abs_Wfinal": 14.541666666666666,
  "rows": [
   [
    -11,
    -11,
    3.982654504069951e-11
   ],
   [
    -21,
    -21,
    3.4699348961285465e-11
   ],
   [
    11,
    11,
    5.949665725468617e-12
   ],
   [
    -9,
    -9,
    2.872310927197166e-11
   ],
   [
    22,
    26,
    4.3043461569201115e-11
   ],
   [
    3,
    3,
    7.638211803668367e-12
   ],
   [
    -21,
    -21,
    4.4802781313747344e-11
   ],
   [
    12,
    12,
    8.636022664776267e-12
   ],
   [
    6,
    6,
    4.1310356184774516e-11
   ],
   [
    14,
    14,
    4.916329784030962e-11
   ],
   [
    -13,
    -13,
    2.274721847087159e-11
   ],
   [
    15,
    15,
    2.9215359291092625e-11
   ],
   [
    23,
    25,
    8.517625506464669e-11
   ],
   [
    -4,
    -4,
    1.9220273538971835e-11
   ],
   [
    -14,
    -28,
    1.7536407621350455e-11
   ],
   [
    10,
    10,
    6.960484383560344e-11
   ],
   [
    -24,
    -27,
    2.0240016397753018e-11
   ],
   [
    17,
    28,
    4.397434744765676e-11
   ],
   [
    -2,
    -2,
    4.5864150174292443e-11
   ],
   [
    20,
    20,
    1.0283996429877137e-11
   ],
   [
    9,
    9,
    5.683046971854598e-11
   ],
   [
    -12,
    -12,
    9.965937281907081e-12
   ],
   [
    -14,
    -14,
    6.6101943798644e-11
   ],
   [
    -8,
    -8,
    1.20460293041173e-13
   ]
  ]
 },
 "1000": {
  "purified_frac": 0.9166666666666666,
  "conserved_frac": 0.9545454545454546,
  "mean_abs_dW": 0.045454545454545456,
  "mean_abs_Wfinal": 12.409090909090908,
  "rows": [
   [
    -22,
    -23,
    2.42308563473614e-11
   ],
   [
    9,
    9,
    8.224584679444895e-12
   ],
   [
    -9,
    -9,
    1.396045053119409e-11
   ],
   [
    -12,
    -12,
    8.301416483045053e-12
   ],
   [
    16,
    16,
    3.9651374681577384e-11
   ],
   [
    19,
    19,
    6.804046664118122e-11
   ],
   [
    14,
    14,
    2.4044772747856344e-11
   ],
   [
    8,
    0,
    1.570796326794637
   ],
   [
    -27,
    -27,
    2.1229065483353902e-11
   ],
   [
    -5,
    -5,
    9.656377035581435e-12
   ],
   [
    -22,
    -22,
    2.5860897206456364e-11
   ],
   [
    17,
    17,
    1.553818136978037e-11
   ],
   [
    -15,
    -15,
    1.9036873769232854e-11
   ],
   [
    -14,
    -14,
    3.226335253806026e-11
   ],
   [
    4,
    4,
    5.465889819174754e-12
   ],
   [
    -1,
    -1,
    4.27262113752283e-11
   ],
   [
    20,
    20,
    1.1779650806034333e-11
   ],
   [
    15,
    15,
    1.3018727250955639e-11
   ],
   [
    -4,
    -4,
    1.3362915835298378e-11
   ],
   [
    -3,
    0,
    1.5707963267948526
   ],
   [
    -9,
    -9,
    4.1530416861075545e-11
   ],
   [
    -6,
    -6,
    2.3679555012098296e-11
   ],
   [
    -5,
    -5,
    4.4186823697531134e-11
   ],
   [
    -7,
    -7,
    5.3763069781139486e-11
   ]
  ]
 }
}